dt,neg,neu,pos,compound,volume
"2021-11-29 23:10:08",0.0251507349,0.8460882306,0.1287499964,0.3040948510,272
"2021-11-29 23:11:00",0.0330552161,0.8315429688,0.1353957057,0.2762153447,326
"2021-11-29 23:12:00",0.0301503949,0.8597440720,0.1101108193,0.2264934033,379
"2021-11-29 23:13:00",0.0289937109,0.8460565805,0.1249339655,0.2623201311,318
"2021-11-29 23:14:00",0.0342091508,0.8360294104,0.1297679693,0.2571813762,306
"2021-11-29 23:15:00",0.0243935864,0.8386996984,0.1369212866,0.2823256552,343
"2021-11-29 23:16:01",0.0299110431,0.8473957181,0.1226779148,0.2305665612,326
"2021-11-29 23:17:00",0.0336137712,0.8393323421,0.1270568818,0.2651170790,334
"2021-11-29 23:18:00",0.0263625383,0.8452900052,0.1283685863,0.2774743140,331
"2021-11-29 23:19:00",0.0326401107,0.8596044183,0.1077719778,0.2134840637,364
"2021-11-29 23:20:00",0.0248364192,0.8561388850,0.1190277785,0.2598401308,324
"2021-11-29 23:21:00",0.0264017601,0.8562844396,0.1173137799,0.2561785877,341
"2021-11-29 23:22:00",0.0291356929,0.8402124047,0.1306460202,0.2715973556,339
"2021-11-29 23:23:00",0.0255636852,0.8476991653,0.1267289966,0.2918433547,369
"2021-11-29 23:24:00",0.0238291454,0.8569748998,0.1191834137,0.2859502435,398
"2021-11-29 23:25:00",0.0319562517,0.8495030999,0.1185437515,0.2675171793,320
"2021-11-29 23:26:00",0.0311987586,0.8451242447,0.1236801222,0.2416298091,322
"2021-11-29 23:27:00",0.0217546020,0.8457944989,0.1324447840,0.2801122665,326
"2021-11-29 23:28:00",0.0293942038,0.8465420008,0.1240579709,0.2496081144,345
"2021-11-29 23:29:00",0.0313929841,0.8417263031,0.1268666685,0.2751964927,285
"2021-11-29 23:30:00",0.0267513096,0.8521518111,0.1210759133,0.2577934563,382
"2021-11-29 23:31:00",0.0314729735,0.8400973082,0.1284351349,0.2490694523,370
"2021-11-29 23:32:00",0.0311314277,0.8519743085,0.1169028580,0.2131700069,350
"2021-11-29 23:33:00",0.0274339076,0.8465114832,0.1260517240,0.2641744316,348
"2021-11-29 23:34:00",0.0357023403,0.8438261151,0.1204849482,0.2388033420,299
"2021-11-29 23:35:00",0.0376511626,0.8494796753,0.1128662825,0.2257154137,344
"2021-11-29 23:36:00",0.0244423673,0.8522149324,0.1233613715,0.2781227529,321
"2021-11-29 23:37:00",0.0313389339,0.8581680655,0.1104929969,0.2132165283,357
"2021-11-29 23:38:00",0.0238921288,0.8494898081,0.1266239136,0.2807140052,343
"2021-11-29 23:39:00",0.0249118544,0.8506018519,0.1245136783,0.2678775191,329
"2021-11-29 23:40:00",0.0304553565,0.8379880786,0.1315863132,0.2811952233,336
"2021-11-29 23:41:00",0.0271249991,0.8499782681,0.1229021773,0.2743211985,368
"2021-11-29 23:42:00",0.0308908559,0.8456991315,0.1233952790,0.2795006037,339
"2021-11-29 23:43:00",0.0228966475,0.8614553213,0.1156452522,0.2679041922,358
"2021-11-29 23:44:00",0.0231606644,0.8406177163,0.1362077594,0.2979221642,361
"2021-11-29 23:45:00",0.0303102490,0.8340830803,0.1356288046,0.2997337878,361
"2021-11-29 23:46:00",0.0220028572,0.8421400189,0.1358714253,0.3296777010,350
"2021-11-29 23:47:00",0.0206819400,0.8511105180,0.1282048523,0.3069167137,371
"2021-11-29 23:48:00",0.0243908353,0.8436657786,0.1319568753,0.3221741319,371
"2021-11-29 23:49:00",0.0268163271,0.8510932922,0.1220787168,0.2694224417,343
"2021-11-29 23:50:00",0.0317033641,0.8306666613,0.1376177371,0.2750734091,327
"2021-11-29 23:51:00",0.0217551012,0.8391122222,0.1391428560,0.3376584947,294
"2021-11-29 23:52:00",0.0310339499,0.8479567766,0.1209969148,0.2644015551,324
"2021-11-29 23:53:00",0.0316548385,0.8435483575,0.1247999966,0.2664677501,310
"2021-11-29 23:54:00",0.0301024932,0.8365900517,0.1333157867,0.2860108018,361
"2021-11-29 23:55:00",0.0295718387,0.8329051733,0.1375229955,0.3095373511,348
"2021-11-29 23:56:00",0.0417416431,0.8402765989,0.1179817617,0.2247465104,329
"2021-11-29 23:57:00",0.0354955755,0.8439586759,0.1205339208,0.2409410030,339
"2021-11-29 23:58:00",0.0278988089,0.8499583602,0.1221309528,0.2693101168,336
"2021-11-29 23:59:00",0.0332848839,0.8472965360,0.1194069758,0.2565485537,344
"2021-11-30 00:00:01",0.0366681814,0.8535272479,0.1098000035,0.2105713636,440
"2021-11-30 00:01:00",0.0367005803,0.8389040828,0.1243808120,0.2686671615,344
"2021-11-30 00:02:00",0.0376813896,0.8383659124,0.1239369065,0.2607930601,317
"2021-11-30 00:03:00",0.0374433957,0.8343113065,0.1282547116,0.2663742006,318
"2021-11-30 00:04:00",0.0346420109,0.8356420398,0.1297100633,0.2785621285,338
"2021-11-30 00:05:00",0.0200144239,0.8515216112,0.1284759641,0.3391661048,416
"2021-11-30 00:06:00",0.0290679149,0.8469203711,0.1240187362,0.3073927462,427
"2021-11-30 00:07:00",0.0373746566,0.8361487389,0.1264875978,0.2585881650,363
"2021-11-30 00:08:00",0.0270610470,0.8364680409,0.1364651173,0.3180299401,344
"2021-11-30 00:09:00",0.0280869566,0.8401406407,0.1317851692,0.2995097041,391
"2021-11-30 00:10:00",0.0290822275,0.8410212398,0.1299018562,0.3038877845,377
"2021-11-30 00:11:00",0.0227900259,0.8400603533,0.1371286064,0.3630992174,381
"2021-11-30 00:12:00",0.0282193739,0.8366609812,0.1351395994,0.3160279095,351
"2021-11-30 00:13:00",0.0294349026,0.8353130221,0.1352493018,0.3193357289,361
"2021-11-30 00:14:00",0.0269435905,0.8367205262,0.1363384575,0.3065261543,390
"2021-11-30 00:15:00",0.0301246606,0.8427777886,0.1271165311,0.2899008095,369
"2021-11-30 00:16:00",0.0283995159,0.8507457376,0.1208522990,0.2817580998,413
"2021-11-30 00:17:00",0.0329587646,0.8330644369,0.1339845359,0.2999783456,388
"2021-11-30 00:18:00",0.0284547880,0.8370664716,0.1344813854,0.3106566370,376
"2021-11-30 00:19:00",0.0305914283,0.8481256962,0.1212799996,0.2653928697,350
"2021-11-30 00:20:00",0.0393540375,0.8390496969,0.1215962768,0.2482146025,322
"2021-11-30 00:21:00",0.0300997142,0.8435014486,0.1263931692,0.2757772207,351
"2021-11-30 00:22:00",0.0299178082,0.8270650506,0.1430171281,0.3232479393,292
"2021-11-30 00:23:00",0.0379815772,0.8371000290,0.1249236837,0.2607881725,380
"2021-11-30 00:24:01",0.0285598077,0.8390167356,0.1324401945,0.2863198519,418
"2021-11-30 00:25:00",0.0328617282,0.8518221974,0.1153259277,0.2497419715,405
"2021-11-30 00:26:00",0.0262263156,0.8482131362,0.1255684197,0.2631642222,380
"2021-11-30 00:27:00",0.0260569099,0.8524281979,0.1215176135,0.2787607014,369
"2021-11-30 00:28:00",0.0292547420,0.8613089323,0.1094417349,0.2595989108,369
"2021-11-30 00:29:00",0.0238638744,0.8520131111,0.1241151839,0.3163607419,382
"2021-11-30 00:30:00",0.0242088884,0.8565066457,0.1192866638,0.2952253222,450
"2021-11-30 00:31:00",0.0296848640,0.8491439223,0.1211662516,0.2596513629,403
"2021-11-30 00:32:00",0.0235613082,0.8496484756,0.1268010885,0.2900204360,367
"2021-11-30 00:33:00",0.0245082881,0.8546629548,0.1208508313,0.2555618882,362
"2021-11-30 00:34:00",0.0290510748,0.8515188098,0.1194193512,0.2548500001,372
"2021-11-30 00:35:00",0.0234545451,0.8557327986,0.1208236888,0.2912768722,363
"2021-11-30 00:36:01",0.0285596810,0.8500185609,0.1213978752,0.2880721390,377
"2021-11-30 00:37:00",0.0246813186,0.8545659184,0.1207664832,0.2811771929,364
"2021-11-30 00:38:00",0.0267624017,0.8413916230,0.1318537891,0.3233441114,383
"2021-11-30 00:39:00",0.0268927608,0.8467506766,0.1263726503,0.2997152805,373
"2021-11-30 00:40:00",0.0308505744,0.8346207142,0.1345402300,0.3319922388,348
"2021-11-30 00:41:00",0.0274818949,0.8376350999,0.1348774433,0.3217779994,359
"2021-11-30 00:42:00",0.0218710601,0.8530974388,0.1250286549,0.3140750825,349
"2021-11-30 00:43:00",0.0337706432,0.8331528902,0.1330917478,0.2892529070,327
"2021-11-30 00:44:00",0.0384057984,0.8399507403,0.1216666698,0.2473968118,345
"2021-11-30 00:45:00",0.0257274993,0.8393175006,0.1349875033,0.3110572398,400
"2021-11-30 00:46:00",0.0335230343,0.8414281607,0.1250623316,0.2580899596,369
"2021-11-30 00:47:00",0.0360201150,0.8343074918,0.1296781600,0.2577451169,348
"2021-11-30 00:48:00",0.0236193035,0.8464718461,0.1299034804,0.3033273518,373
"2021-11-30 00:49:00",0.0434952378,0.8363142610,0.1202031747,0.2209336460,315
"2021-11-30 00:50:00",0.0465441607,0.8324985504,0.1209601164,0.2364655286,351
"2021-11-30 00:51:00",0.0296700243,0.8381183743,0.1322166175,0.3077597022,397
"2021-11-30 00:52:00",0.0417166650,0.8293222189,0.1289499998,0.2647802830,360
"2021-11-30 00:53:00",0.0403098240,0.8322619796,0.1274231672,0.2521020174,397
"2021-11-30 00:54:00",0.0312817246,0.8458781838,0.1228477135,0.2756015360,394
"2021-11-30 00:55:00",0.0302953366,0.8411166072,0.1285828948,0.3172564805,386
"2021-11-30 00:56:00",0.0313707106,0.8363158107,0.1323203593,0.3159967959,437
"2021-11-30 00:57:00",0.0355876014,0.8408167362,0.1235929951,0.2954388261,371
"2021-11-30 00:58:00",0.0349140055,0.8154913783,0.1495995075,0.3565307260,407
"2021-11-30 00:59:00",0.0374559574,0.8290829062,0.1334896386,0.2760758996,386
"2021-11-30 01:00:00",0.0358504467,0.8547254205,0.1094352677,0.2235783488,448
"2021-11-30 01:01:00",0.0324116163,0.8564646244,0.1111313105,0.2496500015,396
"2021-11-30 01:02:00",0.0350532979,0.8422995210,0.1226573586,0.2589642107,394
"2021-11-30 01:03:00",0.0344958678,0.8426115513,0.1228953153,0.2881592214,363
"2021-11-30 01:04:00",0.0361288674,0.8260747194,0.1377886534,0.3266366124,388
"2021-11-30 01:05:00",0.0329083093,0.8264183402,0.1406876743,0.3072498441,349
"2021-11-30 01:06:00",0.0363844000,0.8454623818,0.1181364879,0.2807579339,359
"2021-11-30 01:07:00",0.0267359056,0.8562611341,0.1169999987,0.2728059292,337
"2021-11-30 01:08:00",0.0326142870,0.8449057341,0.1224714294,0.2253291458,350
"2021-11-30 01:09:00",0.0328832902,0.8366658092,0.1304509342,0.2737639248,377
"2021-11-30 01:10:00",0.0366173200,0.8297458291,0.1336396635,0.2874994278,358
"2021-11-30 01:11:00",0.0341666676,0.8305779696,0.1352473050,0.3015370965,372
"2021-11-30 01:12:00",0.0333024375,0.8285536766,0.1381438971,0.3169719577,410
"2021-11-30 01:13:00",0.0342307687,0.8291282058,0.1366512775,0.3172402680,390
"2021-11-30 01:14:01",0.0400138907,0.8360810280,0.1239050925,0.2737585604,432
"2021-11-30 01:15:00",0.0444693342,0.8283466697,0.1271653324,0.2461216003,375
"2021-11-30 01:16:00",0.0382237211,0.8358814120,0.1258894950,0.2453466356,371
"2021-11-30 01:17:00",0.0300501324,0.8589525223,0.1110158339,0.2408474982,379
"2021-11-30 01:18:00",0.0372912623,0.8291674852,0.1335436851,0.2520730495,412
"2021-11-30 01:19:00",0.0382257290,0.8359490037,0.1258325279,0.2570036352,412
"2021-11-30 01:20:00",0.0329209864,0.8423308730,0.1247604936,0.2670572698,405
"2021-11-30 01:21:00",0.0369840860,0.8366976380,0.1263236105,0.2467294484,377
"2021-11-30 01:22:00",0.0291763078,0.8438925743,0.1269394010,0.2609876096,363
"2021-11-30 01:23:00",0.0395432450,0.8429486752,0.1174999997,0.2284116149,370
"2021-11-30 01:24:00",0.0313689858,0.8485481143,0.1200882345,0.2722277939,374
"2021-11-30 01:25:00",0.0311026387,0.8473020792,0.1215982437,0.2616085112,341
"2021-11-30 01:26:00",0.0367927924,0.8447027206,0.1185045019,0.2001014948,333
"2021-11-30 01:27:00",0.0416246653,0.8338016272,0.1245790869,0.2475396842,373
"2021-11-30 01:28:00",0.0337256417,0.8368564248,0.1294461489,0.2646328211,390
"2021-11-30 01:29:00",0.0373573415,0.8349362612,0.1277036071,0.2646864355,361
"2021-11-30 01:30:00",0.0368917659,0.8500306010,0.1130941212,0.2429835349,425
"2021-11-30 01:31:00",0.0311409924,0.8390391469,0.1298328936,0.2994728386,383
"2021-11-30 01:32:00",0.0425967760,0.8392822742,0.1181182787,0.2387139797,372
"2021-11-30 01:33:00",0.0382068045,0.8319240808,0.1298691034,0.2855138779,382
"2021-11-30 01:34:00",0.0338811874,0.8470049500,0.1191138625,0.2856853902,404
"2021-11-30 01:35:00",0.0321939886,0.8316830397,0.1361092925,0.3076018989,366
"2021-11-30 01:36:00",0.0407968760,0.8436968923,0.1155093759,0.2303050011,320
"2021-11-30 01:37:00",0.0335966572,0.8378759027,0.1285202801,0.2876556218,419
"2021-11-30 01:38:00",0.0348333344,0.8496292830,0.1155402288,0.2165221274,348
"2021-11-30 01:39:00",0.0357057154,0.8343885541,0.1298885643,0.2720045745,350
"2021-11-30 01:40:00",0.0375663713,0.8459026814,0.1165280268,0.2537271380,339
"2021-11-30 01:41:00",0.0248947367,0.8513655066,0.1237397641,0.2811652124,342
"2021-11-30 01:42:00",0.0316037722,0.8410404325,0.1273531020,0.2673929930,371
"2021-11-30 01:43:00",0.0311562493,0.8310596347,0.1378068179,0.3157761395,352
"2021-11-30 01:44:00",0.0358542278,0.8305218816,0.1336268187,0.2846052349,343
"2021-11-30 01:45:00",0.0302887708,0.8427085280,0.1270294189,0.2888561487,374
"2021-11-30 01:46:00",0.0342048518,0.8433369398,0.1224690005,0.2482126653,371
"2021-11-30 01:47:00",0.0333994702,0.8411296010,0.1254761964,0.2470391542,378
"2021-11-30 01:48:00",0.0390000008,0.8360747695,0.1249097958,0.2160822153,388
"2021-11-30 01:49:00",0.0392165780,0.8221604228,0.1386069506,0.2554949224,374
"2021-11-30 01:50:00",0.0375661962,0.8400394320,0.1224112660,0.2514411211,355
"2021-11-30 01:51:00",0.0437507145,0.8254928589,0.1307593137,0.2772151828,349
"2021-11-30 01:52:00",0.0343226828,0.8263578415,0.1393098980,0.3088865876,313
"2021-11-30 01:53:00",0.0342771076,0.8251234889,0.1405993998,0.3252159655,332
"2021-11-30 01:54:00",0.0324828513,0.8158733249,0.1516437978,0.3370393217,379
"2021-11-30 01:55:00",0.0256989524,0.8498612642,0.1244345531,0.2813952863,382
"2021-11-30 01:56:00",0.0428668633,0.8164881468,0.1406597644,0.2640106380,338
"2021-11-30 01:57:00",0.0358067900,0.8377597928,0.1264308095,0.2581942677,383
"2021-11-30 01:58:00",0.0301277786,0.8334194422,0.1364555508,0.3447044492,360
"2021-11-30 01:59:00",0.0402005725,0.8268624544,0.1329312325,0.3120730519,349
"2021-11-30 02:00:00",0.0390581638,0.8453959823,0.1155682355,0.2403266281,447
"2021-11-30 02:01:00",0.0395683646,0.8304209113,0.1300134063,0.2887493372,373
"2021-11-30 02:02:00",0.0347122923,0.8508072495,0.1145167574,0.2297028005,358
"2021-11-30 02:03:00",0.0375809260,0.8481531739,0.1142658964,0.2043997049,346
"2021-11-30 02:04:00",0.0314550884,0.8608382940,0.1077185646,0.2130398154,334
"2021-11-30 02:05:00",0.0349719897,0.8553697467,0.1096638665,0.2480787188,357
"2021-11-30 02:06:00",0.0306052640,0.8349210620,0.1344678402,0.2611330450,342
"2021-11-30 02:07:00",0.0343116522,0.8518997431,0.1137940362,0.2249490470,369
"2021-11-30 02:08:00",0.0305599999,0.8497114182,0.1197285727,0.2591048479,350
"2021-11-30 02:09:00",0.0264190752,0.8539248705,0.1196762994,0.2638199329,346
"2021-11-30 02:10:00",0.0316666663,0.8620262742,0.1063018367,0.2304005176,381
"2021-11-30 02:11:00",0.0308749992,0.8429974318,0.1261377484,0.2605487108,392
"2021-11-30 02:12:00",0.0276318677,0.8517170548,0.1206538454,0.2621041238,364
"2021-11-30 02:13:00",0.0314203314,0.8434560299,0.1251263767,0.2828233540,364
"2021-11-30 02:14:00",0.0237045456,0.8446449041,0.1316391975,0.3113988638,352
"2021-11-30 02:15:00",0.0321074612,0.8339045048,0.1339910477,0.2883176208,335
"2021-11-30 02:16:00",0.0285868272,0.8504910469,0.1209101826,0.2726931274,334
"2021-11-30 02:17:00",0.0345544890,0.8263044953,0.1391442269,0.2927717865,312
"2021-11-30 02:18:00",0.0259835534,0.8497302532,0.1242927611,0.2615855336,304
"2021-11-30 02:19:01",0.0277831722,0.8333106637,0.1389029175,0.3115391731,309
"2021-11-30 02:20:00",0.0310887583,0.8454733491,0.1234674528,0.2552925944,338
"2021-11-30 02:21:00",0.0297984090,0.8414668441,0.1287427098,0.2537740171,377
"2021-11-30 02:22:00",0.0327578112,0.8297291398,0.1375442743,0.2817898393,384
"2021-11-30 02:23:00",0.0357117355,0.8489770293,0.1153316349,0.2268890291,392
"2021-11-30 02:24:00",0.0367390178,0.8525064588,0.1107751951,0.2081560791,387
"2021-11-30 02:25:00",0.0314555876,0.8493180275,0.1192435548,0.2524544299,349
"2021-11-30 02:26:00",0.0319821425,0.8334847093,0.1345586777,0.2472326458,392
"2021-11-30 02:27:00",0.0315476842,0.8385640383,0.1299209744,0.2529081702,367
"2021-11-30 02:28:00",0.0228776596,0.8377792835,0.1393430829,0.3223058581,376
"2021-11-30 02:29:00",0.0295482092,0.8500881791,0.1203526184,0.2468239665,363
"2021-11-30 02:30:00",0.0296060611,0.8544520140,0.1159545481,0.2587504983,396
"2021-11-30 02:31:00",0.0225935820,0.8395454288,0.1378556192,0.3309652507,374
"2021-11-30 02:32:00",0.0322776102,0.8475880623,0.1201313436,0.2640892565,335
"2021-11-30 02:33:00",0.0341033526,0.8366480470,0.1292374283,0.2902846336,358
"2021-11-30 02:34:00",0.0321657769,0.8523315787,0.1154919788,0.2438056171,374
"2021-11-30 02:35:00",0.0394840576,0.8332145214,0.1272782683,0.2818626165,345
"2021-11-30 02:36:00",0.0398726277,0.8259268403,0.1342032552,0.2828493118,369
"2021-11-30 02:37:00",0.0327414759,0.8297670484,0.1374801099,0.2891823947,352
"2021-11-30 02:38:00",0.0376122445,0.8333148956,0.1290816367,0.2491023391,343
"2021-11-30 02:39:00",0.0316069163,0.8387798667,0.1296100616,0.2703811228,318
"2021-11-30 02:40:00",0.0289154071,0.8356736898,0.1354501545,0.3135199249,331
"2021-11-30 02:41:00",0.0343608558,0.8127461672,0.1528960317,0.3471896052,327
"2021-11-30 02:42:00",0.0313243233,0.8402081132,0.1284702718,0.2738378346,370
"2021-11-30 02:43:00",0.0363937691,0.8343002796,0.1293144524,0.2716286182,353
"2021-11-30 02:44:00",0.0320313387,0.8306210637,0.1373561323,0.2920612395,351
"2021-11-30 02:45:00",0.0422182754,0.8330025673,0.1247690320,0.2500560880,394
"2021-11-30 02:46:00",0.0430308469,0.8178688884,0.1391105354,0.2845668495,389
"2021-11-30 02:47:01",0.0343982801,0.8227536082,0.1428366750,0.3227613270,349
"2021-11-30 02:48:00",0.0382909104,0.8454787731,0.1162121221,0.2282187939,330
"2021-11-30 02:49:00",0.0325454548,0.8469688296,0.1204857156,0.2674488425,385
"2021-11-30 02:50:00",0.0353759415,0.8407017589,0.1239072680,0.2787543833,399
"2021-11-30 02:51:00",0.0291503072,0.8364877105,0.1343834400,0.2997720838,326
"2021-11-30 02:52:00",0.0329912528,0.8230350018,0.1439533532,0.3033081591,343
"2021-11-30 02:53:00",0.0275808387,0.8497365117,0.1226826310,0.2637263536,334
"2021-11-30 02:54:00",0.0323537998,0.8229736686,0.1446754336,0.3294918239,342
"2021-11-30 02:55:00",0.0331048593,0.8301509023,0.1367442459,0.3221107423,391
"2021-11-30 02:56:00",0.0281787887,0.8341848254,0.1376302987,0.3005272746,330
"2021-11-30 02:57:00",0.0253365859,0.8416122198,0.1330634207,0.2968246341,410
"2021-11-30 02:58:00",0.0320030972,0.8267337680,0.1412848234,0.2712213695,323
"2021-11-30 02:59:00",0.0354881659,0.8390088677,0.1255207062,0.2525289953,338
"2021-11-30 03:00:00",0.0317374505,0.8382335901,0.1300482601,0.3234453797,518
"2021-11-30 03:01:00",0.0358700268,0.8377639055,0.1263713539,0.2655379176,377
"2021-11-30 03:02:00",0.0327131562,0.8354973793,0.1317842156,0.2766347229,380
"2021-11-30 03:03:00",0.0301230364,0.8358769417,0.1340104640,0.2870431840,382
"2021-11-30 03:04:00",0.0281752814,0.8490449190,0.1227730364,0.2794231474,445
"2021-11-30 03:05:00",0.0301275514,0.8538112044,0.1160510182,0.2532660663,392
"2021-11-30 03:06:00",0.0316317119,0.8595473170,0.1088388711,0.2121068984,391
"2021-11-30 03:07:00",0.0310462732,0.8395295739,0.1294267327,0.2879028320,389
"2021-11-30 03:08:00",0.0293840002,0.8464480042,0.1241839975,0.2515271902,375
"2021-11-30 03:09:00",0.0585657358,0.8173306584,0.1240856573,0.1859227121,502
"2021-11-30 03:10:00",0.0534840897,0.8324000239,0.1141159087,0.2212329507,440
"2021-11-30 03:11:00",0.0201810095,0.8563709259,0.1234569699,0.3230688572,337
"2021-11-30 03:12:00",0.0292493142,0.8295589089,0.1411862969,0.3091093004,365
"2021-11-30 03:13:01",0.0283768121,0.8535622954,0.1180521771,0.2501930296,345
"2021-11-30 03:14:00",0.0289088152,0.8507294655,0.1203677803,0.2660392225,329
"2021-11-30 03:15:00",0.0225505624,0.8520449400,0.1254044920,0.3028396070,356
"2021-11-30 03:16:00",0.0326196477,0.8309697509,0.1364156157,0.3033246994,397
"2021-11-30 03:17:00",0.0280776396,0.8266087174,0.1452888250,0.3360779583,322
"2021-11-30 03:18:00",0.0320924856,0.8330780268,0.1348236948,0.3049433529,346
"2021-11-30 03:19:00",0.0343303308,0.8333423138,0.1323032975,0.2747786641,333
"2021-11-30 03:20:00",0.0334054045,0.8425525427,0.1240300313,0.2403939962,333
"2021-11-30 03:21:00",0.0300357137,0.8393434286,0.1306181252,0.2723200619,364
"2021-11-30 03:22:00",0.0229856726,0.8382636309,0.1387421191,0.2945197821,349
"2021-11-30 03:23:00",0.0275963545,0.8332421780,0.1391588598,0.2984260321,384
"2021-11-30 03:24:00",0.0335434191,0.8503669500,0.1161036417,0.2526876628,357
"2021-11-30 03:25:00",0.0387891904,0.8355783820,0.1256432384,0.2449135184,370
"2021-11-30 03:26:00",0.0363085382,0.8410798907,0.1226143241,0.2125019282,363
"2021-11-30 03:27:00",0.0361836739,0.8501020670,0.1137201190,0.2185752243,343
"2021-11-30 03:28:00",0.0422676466,0.8483999968,0.1093470603,0.1938702911,340
"2021-11-30 03:29:00",0.0373526327,0.8258105516,0.1368184239,0.2809131444,380
"2021-11-30 03:30:00",0.0223273542,0.8453206420,0.1323565096,0.3275410235,446
"2021-11-30 03:31:00",0.0259603336,0.8415135741,0.1325344443,0.3350000083,479
"2021-11-30 03:32:00",0.0249302331,0.8388023376,0.1362627894,0.3374467492,430
"2021-11-30 03:33:00",0.0245193802,0.8479018211,0.1275891513,0.3247023225,387
"2021-11-30 03:34:00",0.0305888318,0.8396370411,0.1297715753,0.2837875783,394
"2021-11-30 03:35:00",0.0235485435,0.8449490070,0.1315024346,0.3161334991,412
"2021-11-30 03:36:00",0.0304509811,0.8423553705,0.1271936297,0.2902325988,408
"2021-11-30 03:37:00",0.0332707316,0.8378024101,0.1289170682,0.2744741440,410
"2021-11-30 03:38:01",0.0363123305,0.8334822059,0.1301972568,0.2779862881,365
"2021-11-30 03:39:00",0.0284425430,0.8195697069,0.1519999951,0.3355388641,409
"2021-11-30 03:40:00",0.0287316460,0.8272303939,0.1440303773,0.3034071028,395
"2021-11-30 03:41:01",0.0266284924,0.8144022226,0.1589636803,0.3523904979,358
"2021-11-30 03:42:00",0.0283579230,0.8340464234,0.1376065612,0.2980158329,366
"2021-11-30 03:43:00",0.0280997232,0.8443573117,0.1275540143,0.2862509787,361
"2021-11-30 03:44:00",0.0260448437,0.8456076384,0.1283609867,0.2718085349,446
"2021-11-30 03:45:00",0.0344694369,0.8358386159,0.1297066063,0.2784400880,409
"2021-11-30 03:46:00",0.0209216718,0.8333132863,0.1457519531,0.3406509161,383
"2021-11-30 03:47:00",0.0240949076,0.8376782537,0.1382268518,0.3162645698,432
"2021-11-30 03:48:00",0.0274507385,0.8178915977,0.1546551734,0.3554857075,406
"2021-11-30 03:49:00",0.0254109595,0.8268766999,0.1477013677,0.3418871164,365
"2021-11-30 03:50:00",0.0284864865,0.8280000091,0.1435162127,0.3355927169,370
"2021-11-30 03:51:00",0.0246064365,0.8427178264,0.1326658428,0.3395618796,404
"2021-11-30 03:52:00",0.0272144694,0.8338113427,0.1389689893,0.3241439164,387
"2021-11-30 03:53:00",0.0298660509,0.8213833570,0.1487344056,0.3482272625,433
"2021-11-30 03:54:00",0.0355424099,0.8328147531,0.1316607147,0.2879953086,448
"2021-11-30 03:55:00",0.0418264307,0.8389309645,0.1192544401,0.1832080930,507
"2021-11-30 03:56:00",0.0307948720,0.8268624544,0.1423659623,0.2895477712,429
"2021-11-30 03:57:00",0.0259495191,0.8505985737,0.1234519258,0.2886798084,416
"2021-11-30 03:58:00",0.0327226259,0.8334063292,0.1338856518,0.2700513303,411
"2021-11-30 03:59:00",0.0307995174,0.8376376629,0.1315676272,0.2549504936,414
"2021-11-30 04:00:00",0.0424823314,0.8490741849,0.1084628999,0.1554024667,566
"2021-11-30 04:01:00",0.0290720724,0.8269189000,0.1440112591,0.3287324309,444
"2021-11-30 04:02:00",0.0328492448,0.8429623246,0.1241834164,0.2679472268,398
"2021-11-30 04:03:00",0.0288963858,0.8433710933,0.1277349442,0.2863597572,415
"2021-11-30 04:04:00",0.0278414320,0.8349488378,0.1372046024,0.3173061311,391
"2021-11-30 04:05:00",0.0241702702,0.8355486393,0.1402891874,0.3307548761,370
"2021-11-30 04:06:00",0.0317601077,0.8380566239,0.1301832944,0.3072010875,371
"2021-11-30 04:07:00",0.0368600525,0.8277379274,0.1353994906,0.3124882877,393
"2021-11-30 04:08:00",0.0385763533,0.8310418725,0.1303793043,0.2627699375,406
"2021-11-30 04:09:00",0.0317134969,0.8273939490,0.1408925653,0.3286936581,363
"2021-11-30 04:10:00",0.0503725000,0.8318824768,0.1177499965,0.2221662551,400
"2021-11-30 04:11:00",0.0451508872,0.8286124468,0.1262337267,0.2556062043,338
"2021-11-30 04:12:00",0.0283580907,0.8219124675,0.1497267932,0.3614997268,377
"2021-11-30 04:13:00",0.0233739372,0.8326119184,0.1440141648,0.3526300192,353
"2021-11-30 04:14:00",0.0272068065,0.8224843144,0.1503167599,0.3398107290,382
"2021-11-30 04:15:00",0.0362199545,0.8289092779,0.1348775476,0.2959968150,441
"2021-11-30 04:16:00",0.0328975506,0.8133964539,0.1537060142,0.3747229278,449
"2021-11-30 04:17:00",0.0365043655,0.8106179237,0.1528799087,0.3452229202,458
"2021-11-30 04:18:00",0.0362944305,0.8204243779,0.1432917714,0.3350392580,377
"2021-11-30 04:19:00",0.0325083137,0.8270308971,0.1404679269,0.3389665186,421
"2021-11-30 04:20:00",0.0308733620,0.8377729058,0.1313449740,0.3239176869,458
"2021-11-30 04:21:00",0.0299949758,0.8221281171,0.1478819102,0.3225849271,398
"2021-11-30 04:22:00",0.0302838869,0.8206675053,0.1490639448,0.3544110060,391
"2021-11-30 04:23:00",0.0325772166,0.8169063330,0.1505164504,0.3541040421,395
"2021-11-30 04:24:01",0.0351911783,0.8317426443,0.1330686212,0.2936088145,408
"2021-11-30 04:25:00",0.0360049866,0.8271570802,0.1368404031,0.3057114780,401
"2021-11-30 04:26:01",0.0265838932,0.8446107507,0.1288076043,0.3107877076,447
"2021-11-30 04:27:00",0.0384678207,0.8395841718,0.1219702959,0.2714289725,404
"2021-11-30 04:28:00",0.0288144331,0.8471134305,0.1240850538,0.2890425324,388
"2021-11-30 04:29:00",0.0446818173,0.8351312876,0.1201843470,0.2249568254,396
"2021-11-30 04:30:00",0.0328390226,0.8383658528,0.1287951171,0.2693158388,410
"2021-11-30 04:31:00",0.0425542742,0.8346651196,0.1227944568,0.2454048544,433
"2021-11-30 04:32:00",0.0335206091,0.8273188472,0.1391670257,0.3140171468,461
"2021-11-30 04:33:00",0.0236000009,0.8465378881,0.1298757344,0.3004794121,515
"2021-11-30 04:34:00",0.0282632746,0.8480530977,0.1236769930,0.2769913673,452
"2021-11-30 04:35:00",0.0381190479,0.8422554135,0.1196277067,0.2486344129,462
"2021-11-30 04:36:01",0.0316707306,0.8335000277,0.1348536611,0.3174856007,410
"2021-11-30 04:37:00",0.0287249461,0.8396993876,0.1315714270,0.2969889045,469
"2021-11-30 04:38:00",0.0261528157,0.8308472037,0.1429973245,0.3515514731,373
"2021-11-30 04:39:01",0.0306287706,0.8312737942,0.1381044090,0.3047496378,431
"2021-11-30 04:40:00",0.0288870633,0.8337618113,0.1373613924,0.3280550241,487
"2021-11-30 04:41:00",0.0327653512,0.8350811601,0.1321732402,0.3081510961,456
"2021-11-30 04:42:00",0.0257632751,0.8315508962,0.1426791996,0.3298433721,452
"2021-11-30 04:43:00",0.0313553549,0.8364897370,0.1321480572,0.3092858791,439
"2021-11-30 04:44:00",0.0318523794,0.8192380667,0.1489023864,0.3433276117,420
"2021-11-30 04:45:00",0.0274063125,0.8302820325,0.1423155814,0.3459737599,507
"2021-11-30 04:46:00",0.0338223241,0.8159680963,0.1502050161,0.3036924899,439
"2021-11-30 04:47:00",0.0337053128,0.8320941925,0.1342028975,0.2719973326,414
"2021-11-30 04:48:00",0.0361784026,0.8208732605,0.1429671347,0.3169464767,426
"2021-11-30 04:49:00",0.0279946942,0.8260371089,0.1459708214,0.3334180415,377
"2021-11-30 04:50:00",0.0277318303,0.8259173036,0.1463508755,0.3474328220,399
"2021-11-30 04:51:00",0.0297990646,0.8225560784,0.1476635486,0.3213698566,428
"2021-11-30 04:52:00",0.0333247669,0.8332009315,0.1334766299,0.2961282730,428
"2021-11-30 04:53:00",0.0298302285,0.8330890536,0.1370869577,0.3233761787,483
"2021-11-30 04:54:00",0.0244768206,0.8443002105,0.1312339902,0.3157580495,453
"2021-11-30 04:55:00",0.0311364755,0.8414069414,0.1274640262,0.2884853482,403
"2021-11-30 04:56:00",0.0341126136,0.8430991173,0.1227905378,0.2556225359,444
"2021-11-30 04:57:00",0.0313099399,0.8414229751,0.1272729039,0.2971699834,513
"2021-11-30 04:58:00",0.0289123598,0.8407191038,0.1303730309,0.2982986569,445
"2021-11-30 04:59:00",0.0284455642,0.8478588462,0.1236854866,0.2775915265,496
"2021-11-30 05:00:00",0.0305219125,0.8584740758,0.1110000014,0.2472468168,502
"2021-11-30 05:01:00",0.0294632651,0.8610653281,0.1094755083,0.2512765229,490
"2021-11-30 05:02:00",0.0363446809,0.8377361894,0.1259255260,0.2703102231,470
"2021-11-30 05:03:00",0.0305034965,0.8351281881,0.1343869418,0.3031643331,429
"2021-11-30 05:04:00",0.0342575759,0.8290476203,0.1367142797,0.3114963174,462
"2021-11-30 05:05:00",0.0363406576,0.8215604424,0.1421098858,0.3188747168,455
"2021-11-30 05:06:00",0.0331145041,0.8269084096,0.1399904639,0.3248522878,524
"2021-11-30 05:07:00",0.0331524014,0.8394091725,0.1274572015,0.2783515751,479
"2021-11-30 05:08:00",0.0410972238,0.8174404502,0.1414622962,0.2911700308,504
"2021-11-30 05:09:00",0.0359047614,0.8267440200,0.1373511851,0.2895621061,504
"2021-11-30 05:10:00",0.0276441276,0.8348345160,0.1375373602,0.3084455431,562
"2021-11-30 05:11:00",0.0338481478,0.8362647891,0.1298833340,0.2947098017,540
"2021-11-30 05:12:00",0.0312521756,0.8511043191,0.1176539138,0.2620940804,575
"2021-11-30 05:13:00",0.0323128477,0.8262700438,0.1414208561,0.3264919817,537
"2021-11-30 05:14:00",0.0370836295,0.8202811480,0.1426494718,0.3183804154,562
"2021-11-30 05:15:00",0.0295215510,0.8286594748,0.1418103427,0.3341162503,696
"2021-11-30 05:16:00",0.0357996523,0.8301115036,0.1340888441,0.2874453068,574
"2021-11-30 05:17:00",0.0312992968,0.8407112956,0.1279947162,0.3017145991,568
"2021-11-30 05:18:00",0.0267445017,0.8233875036,0.1498781741,0.3543067575,591
"2021-11-30 05:19:00",0.0336352736,0.8326951861,0.1336780787,0.3086914420,584
"2021-11-30 05:20:00",0.0341151915,0.8221669197,0.1437412351,0.3198727965,599
"2021-11-30 05:21:00",0.0328828245,0.8321925998,0.1349357963,0.3214443028,623
"2021-11-30 05:22:00",0.0398361273,0.8318808079,0.1282849163,0.2788999975,537
"2021-11-30 05:23:00",0.0355377868,0.8254411221,0.1390421838,0.2941430509,569
"2021-11-30 05:24:00",0.0309387762,0.8304584026,0.1386185288,0.3232615292,637
"2021-11-30 05:25:00",0.0353704914,0.8130787015,0.1515655667,0.3371536136,610
"2021-11-30 05:26:01",0.0306541733,0.8400971293,0.1292691678,0.2939529717,587
"2021-11-30 05:27:00",0.0307863243,0.8298324943,0.1393931657,0.3052776158,585
"2021-11-30 05:28:00",0.0323463604,0.8267921805,0.1408685595,0.3068813384,563
"2021-11-30 05:29:00",0.0337556712,0.8063141108,0.1599616110,0.3585649133,573
"2021-11-30 05:30:00",0.0347751379,0.8113436699,0.1539049298,0.3262011111,547
"2021-11-30 05:31:00",0.0361715779,0.8078630567,0.1559583992,0.3666473031,577
"2021-11-30 05:32:00",0.0290558562,0.8332252502,0.1377279311,0.3288248777,555
"2021-11-30 05:33:00",0.0296456143,0.8255316019,0.1448245645,0.3368873596,570
"2021-11-30 05:34:00",0.0332427174,0.8333349228,0.1334126145,0.3190522790,618
"2021-11-30 05:35:00",0.0317874625,0.8279862404,0.1402415931,0.3288762867,654
"2021-11-30 05:36:00",0.0293041747,0.8339622021,0.1367375702,0.3259876668,503
"2021-11-30 05:37:00",0.0329203047,0.8195977211,0.1474857628,0.3281294107,527
"2021-11-30 05:38:00",0.0303978492,0.8225505352,0.1470580697,0.3345520496,465
"2021-11-30 05:39:00",0.0328618549,0.8145567179,0.1525938213,0.3489591777,485
"2021-11-30 05:40:00",0.0350442640,0.8189094663,0.1460523158,0.3104957640,497
"2021-11-30 05:41:00",0.0340956673,0.8288267255,0.1370884478,0.3059454858,554
"2021-11-30 05:42:00",0.0281137619,0.8335082531,0.1383926570,0.3379203677,545
"2021-11-30 05:43:00",0.0343505740,0.8162816167,0.1493831426,0.3067910075,522
"2021-11-30 05:44:00",0.0332455076,0.8273872137,0.1393672675,0.3072151840,501
"2021-11-30 05:45:00",0.0338842981,0.8161301613,0.1499793380,0.3467710614,484
"2021-11-30 05:46:00",0.0336396918,0.8149903417,0.1513718665,0.3571117520,519
"2021-11-30 05:47:00",0.0285845865,0.8369755745,0.1344567686,0.3192203045,532
"2021-11-30 05:48:00",0.0314615369,0.8135742545,0.1549767405,0.3503513336,559
"2021-11-30 05:49:00",0.0331930593,0.8205466270,0.1462668180,0.3110409975,461
"2021-11-30 05:50:00",0.0356384628,0.8246211410,0.1397346109,0.3096190393,520
"2021-11-30 05:51:00",0.0323719159,0.8338462710,0.1338045597,0.3180229664,527
"2021-11-30 05:52:00",0.0314149670,0.8229812980,0.1456071436,0.3297021985,588
"2021-11-30 05:53:00",0.0306315795,0.8021221161,0.1672694683,0.3903520107,475
"2021-11-30 05:54:00",0.0357895829,0.8139833212,0.1502333283,0.3412754238,480
"2021-11-30 05:55:00",0.0321522206,0.8270422816,0.1408202946,0.2902065516,473
"2021-11-30 05:56:00",0.0335963704,0.8317074776,0.1347120255,0.2751870751,441
"2021-11-30 05:57:00",0.0323382653,0.8192960024,0.1483594030,0.3130395412,473
"2021-11-30 05:58:00",0.0373180062,0.8225057721,0.1401781589,0.2988875508,522
"2021-11-30 05:59:00",0.0324831232,0.8342426419,0.1332763731,0.2919413447,474
"2021-11-30 06:00:00",0.0292227976,0.8386960030,0.1320846230,0.3070193529,579
"2021-11-30 06:01:00",0.0285095535,0.8339490294,0.1375498921,0.3280664682,471
"2021-11-30 06:02:00",0.0322664082,0.8292007446,0.1385424733,0.3037944138,518
"2021-11-30 06:03:00",0.0358859487,0.8300305605,0.1341038644,0.3090637326,491
"2021-11-30 06:04:00",0.0378789827,0.8166093230,0.1455307901,0.3230963945,471
"2021-11-30 06:05:00",0.0326000005,0.8342347145,0.1331755072,0.2971871495,490
"2021-11-30 06:06:00",0.0264222641,0.8346621990,0.1389270574,0.3332186043,521
"2021-11-30 06:07:00",0.0335681289,0.8278036714,0.1386327893,0.2922962904,433
"2021-11-30 06:08:00",0.0388140045,0.8269277811,0.1342822760,0.2590487897,457
"2021-11-30 06:09:00",0.0337704606,0.8362435102,0.1299920231,0.2842277586,501
"2021-11-30 06:10:00",0.0393668637,0.8315147758,0.1291301847,0.2802331448,507
"2021-11-30 06:11:00",0.0316179022,0.8318406343,0.1365545839,0.3058329821,458
"2021-11-30 06:12:00",0.0241677854,0.8462125063,0.1296308786,0.3186995387,447
"2021-11-30 06:13:01",0.0324056782,0.8342596292,0.1333245486,0.3080040514,493
"2021-11-30 06:14:00",0.0320516527,0.8292024732,0.1387562007,0.3042256236,484
"2021-11-30 06:15:00",0.0300919041,0.8248096108,0.1451181620,0.3195518553,457
"2021-11-30 06:16:00",0.0290242415,0.8445454836,0.1264100969,0.2951717079,495
"2021-11-30 06:17:00",0.0343136452,0.8272484541,0.1384338140,0.3023816645,491
"2021-11-30 06:18:00",0.0290566664,0.8001683354,0.1707700044,0.3857238293,600
"2021-11-30 06:19:00",0.0358333327,0.8171172142,0.1470512748,0.3141994476,546
"2021-11-30 06:20:00",0.0262669101,0.8357696533,0.1379616112,0.3438725770,547
"2021-11-30 06:21:00",0.0297147892,0.8341232538,0.1361742914,0.3267107308,568
"2021-11-30 06:22:00",0.0295859370,0.8369492292,0.1334843785,0.3185079992,512
"2021-11-30 06:23:00",0.0300342739,0.8310947418,0.1388931423,0.3085231781,496
"2021-11-30 06:24:00",0.0315028690,0.8375162482,0.1310019046,0.2844634652,523
"2021-11-30 06:25:00",0.0330670513,0.8367030621,0.1302433014,0.2813917696,522
"2021-11-30 06:26:00",0.0377515256,0.8272668123,0.1349775940,0.2966887951,491
"2021-11-30 06:27:00",0.0377927348,0.8205854893,0.1416388899,0.2970476449,468
"2021-11-30 06:28:00",0.0363478251,0.8361835480,0.1274830848,0.2704710066,414
"2021-11-30 06:29:00",0.0330792069,0.8209168315,0.1460316777,0.3188318908,505
"2021-11-30 06:30:00",0.0312768035,0.8342846036,0.1344580948,0.3078976572,513
"2021-11-30 06:31:01",0.0284670424,0.8352523446,0.1362862587,0.3127000034,531
"2021-11-30 06:32:00",0.0295916330,0.8333007693,0.1371075660,0.3103332818,502
"2021-11-30 06:33:00",0.0288591553,0.8281086683,0.1430261582,0.3444197178,497
"2021-11-30 06:34:00",0.0280576497,0.8352195024,0.1367184073,0.3161946833,451
"2021-11-30 06:35:00",0.0296254903,0.8321058750,0.1382686347,0.3187123537,510
"2021-11-30 06:36:00",0.0350466408,0.8275895715,0.1373638064,0.2903195918,536
"2021-11-30 06:37:00",0.0334240645,0.8359526396,0.1306134164,0.3062504828,507
"2021-11-30 06:38:00",0.0408927947,0.8214903474,0.1376080811,0.3203275800,569
"2021-11-30 06:39:00",0.0341964923,0.8288964629,0.1369052678,0.3067940474,570
"2021-11-30 06:40:00",0.0326679088,0.8307220340,0.1366100758,0.3167716563,536
"2021-11-30 06:41:00",0.0339497104,0.8367059827,0.1293423623,0.2990073562,517
"2021-11-30 06:42:00",0.0312590562,0.8352445364,0.1334963739,0.3158657551,552
"2021-11-30 06:43:00",0.0268767998,0.8328816295,0.1402480006,0.3464174271,625
"2021-11-30 06:44:00",0.0281841643,0.8420292735,0.1297796965,0.3066604137,581
"2021-11-30 06:45:00",0.0309655797,0.8200923800,0.1489275396,0.3614460230,552
"2021-11-30 06:46:00",0.0264477916,0.8433976173,0.1301566213,0.3385319412,498
"2021-11-30 06:47:00",0.0323357396,0.8329331875,0.1347364634,0.3364287019,554
"2021-11-30 06:48:00",0.0299152862,0.8359870911,0.1341104954,0.3117929995,543
"2021-11-30 06:49:00",0.0275720004,0.8174679875,0.1549679935,0.3899773359,750
"2021-11-30 06:50:00",0.0278936177,0.8167503476,0.1553659588,0.3777124882,705
"2021-11-30 06:51:00",0.0293990690,0.8352282643,0.1353835464,0.3067015409,644
"2021-11-30 06:52:00",0.0372811519,0.8183082938,0.1444041580,0.3088189960,626
"2021-11-30 06:53:00",0.0401683338,0.8179616928,0.1418616623,0.3104441762,600
"2021-11-30 06:54:00",0.0318348780,0.8277391791,0.1404259205,0.3334470689,648
"2021-11-30 06:55:00",0.0352362059,0.8264327645,0.1383275837,0.2947013676,580
"2021-11-30 06:56:00",0.0328780897,0.8297347426,0.1373871565,0.3030082285,607
"2021-11-30 06:57:00",0.0330245905,0.8304967284,0.1364803314,0.2889409959,610
"2021-11-30 06:58:00",0.0327864252,0.8152565956,0.1519470215,0.3361986876,604
"2021-11-30 06:59:00",0.0322635248,0.8238185048,0.1439127326,0.2995986044,573
"2021-11-30 07:00:00",0.0351590924,0.8413408995,0.1234872192,0.2447335273,704
"2021-11-30 07:01:00",0.0342109948,0.8312496543,0.1345557272,0.2809402645,673
"2021-11-30 07:02:00",0.0366677381,0.8211011291,0.1422391683,0.3163813949,623
"2021-11-30 07:03:00",0.0327879786,0.8245609403,0.1426577568,0.3138156831,599
"2021-11-30 07:04:00",0.0320432447,0.8422954679,0.1256558597,0.2821688354,555
"2021-11-30 07:05:00",0.0287259128,0.8361528516,0.1351129562,0.3195033371,602
"2021-11-30 07:06:00",0.0293003414,0.8316928148,0.1390187740,0.3097119331,586
"2021-11-30 07:07:00",0.0363018252,0.8209552169,0.1427495927,0.3103676736,603
"2021-11-30 07:08:00",0.0300771818,0.8253070712,0.1446157694,0.3173260093,596
"2021-11-30 07:09:00",0.0339289531,0.8293481469,0.1367211342,0.2952032089,563
"2021-11-30 07:10:00",0.0361895077,0.8354196548,0.1283857822,0.2772282660,591
"2021-11-30 07:11:00",0.0275123157,0.8457044363,0.1267881840,0.3102881908,609
"2021-11-30 07:12:00",0.0345895849,0.8399188519,0.1254976988,0.2846128643,653
"2021-11-30 07:13:00",0.0355772376,0.8222894073,0.1421317011,0.2873162627,615
"2021-11-30 07:14:00",0.0308566671,0.8299883604,0.1391600072,0.3155873418,600
"2021-11-30 07:15:00",0.0263739973,0.8229743242,0.1506532878,0.3519553840,623
"2021-11-30 07:16:00",0.0300264079,0.8354172707,0.1345633864,0.3016669154,568
"2021-11-30 07:17:00",0.0279741101,0.8333268762,0.1387055069,0.3338134289,618
"2021-11-30 07:18:00",0.0282768738,0.8299608827,0.1417589635,0.3274138570,614
"2021-11-30 07:19:00",0.0312857144,0.8228518963,0.1458606273,0.3275839686,574
"2021-11-30 07:20:00",0.0315504260,0.8318307400,0.1366205066,0.3174285591,585
"2021-11-30 07:21:00",0.0235419348,0.8317241669,0.1447322518,0.3875408173,620
"2021-11-30 07:22:00",0.0332034193,0.8389863372,0.1278170943,0.2850695848,585
"2021-11-30 07:23:00",0.0349483080,0.8319500685,0.1330891252,0.3047356606,561
"2021-11-30 07:24:00",0.0287534483,0.8341431022,0.1371137947,0.3507756889,580
"2021-11-30 07:25:01",0.0239421334,0.8460343480,0.1300180852,0.3270352483,553
"2021-11-30 07:26:00",0.0307461545,0.8384923339,0.1307519227,0.3025113344,520
"2021-11-30 07:27:00",0.0224425923,0.8522925973,0.1252629608,0.3163305521,540
"2021-11-30 07:28:01",0.0276957303,0.8478754163,0.1244270429,0.2746729553,562
"2021-11-30 07:29:00",0.0311837457,0.8362844586,0.1325388700,0.2855627239,566
"2021-11-30 07:30:00",0.0301272720,0.8505619764,0.1193173528,0.2504082620,605
"2021-11-30 07:31:01",0.0324880295,0.8467882276,0.1207513809,0.2638819516,543
"2021-11-30 07:32:00",0.0273523126,0.8456316590,0.1270320266,0.2989870012,562
"2021-11-30 07:33:00",0.0253478996,0.8500521183,0.1246252134,0.2802369893,595
"2021-11-30 07:34:00",0.0248620063,0.8426308036,0.1325143427,0.2990010679,558
"2021-11-30 07:35:00",0.0334138498,0.8452094793,0.1213868260,0.2506123185,592
"2021-11-30 07:36:00",0.0299365073,0.8512222171,0.1188483238,0.2589091659,567
"2021-11-30 07:37:00",0.0330217779,0.8425843716,0.1244119778,0.2556871176,551
"2021-11-30 07:38:00",0.0307466667,0.8331961632,0.1360571384,0.3026826680,525
"2021-11-30 07:39:00",0.0281722974,0.8425675631,0.1292668879,0.2875086069,592
"2021-11-30 07:40:00",0.0274487641,0.8351219296,0.1374522895,0.2901830375,566
"2021-11-30 07:41:00",0.0257809181,0.8275159001,0.1467173100,0.3284579515,566
"2021-11-30 07:42:01",0.0306142326,0.8398239613,0.1295711547,0.2875222862,534
"2021-11-30 07:43:00",0.0265084747,0.8327457905,0.1407532990,0.3432945311,531
"2021-11-30 07:44:00",0.0310705677,0.8430619836,0.1258743554,0.2698335648,581
"2021-11-30 07:45:00",0.0302135181,0.8437096477,0.1260798723,0.2692437768,651
"2021-11-30 07:46:00",0.0262409244,0.8529834747,0.1207854748,0.2796470225,606
"2021-11-30 07:47:00",0.0224580411,0.8507062793,0.1268479079,0.2995557785,572
"2021-11-30 07:48:00",0.0290352348,0.8412516713,0.1297265142,0.2839343846,596
"2021-11-30 07:49:00",0.0278433096,0.8500862718,0.1220950708,0.2687318623,568
"2021-11-30 07:50:00",0.0254058447,0.8517646194,0.1228344142,0.2980394363,616
"2021-11-30 07:51:00",0.0280336384,0.8409633040,0.1310137659,0.2916186452,654
"2021-11-30 07:52:00",0.0381358787,0.8344702125,0.1273999959,0.2752163410,655
"2021-11-30 07:53:00",0.0242930148,0.8550255299,0.1206763238,0.2645265758,587
"2021-11-30 07:54:00",0.0282006692,0.8420317769,0.1297759265,0.2886911333,598
"2021-11-30 07:55:00",0.0220848899,0.8460984826,0.1318302155,0.3141733408,589
"2021-11-30 07:56:00",0.0285867900,0.8415222764,0.1298924685,0.2942422330,651
"2021-11-30 07:57:00",0.0235394519,0.8402801752,0.1361867934,0.3191016018,621
"2021-11-30 07:58:00",0.0265266281,0.8526228070,0.1208668649,0.2643900812,676
"2021-11-30 07:59:00",0.0257793888,0.8432189822,0.1310161054,0.3035897017,621
"2021-11-30 08:00:00",0.0303930137,0.8407146931,0.1289068460,0.2589861751,687
"2021-11-30 08:01:00",0.0266254172,0.8384531736,0.1349297613,0.3087352812,598
"2021-11-30 08:02:00",0.0308069885,0.8419101238,0.1272895187,0.2675158083,601
"2021-11-30 08:03:00",0.0272786319,0.8347641230,0.1379743516,0.3150129914,585
"2021-11-30 08:04:00",0.0223499164,0.8439900279,0.1336716413,0.3076366484,603
"2021-11-30 08:05:00",0.0367514119,0.8433530927,0.1199053675,0.2175963223,708
"2021-11-30 08:06:00",0.0337925069,0.8539265394,0.1122795418,0.2094365954,694
"2021-11-30 08:07:00",0.0310964920,0.8411228061,0.1277859658,0.2576861382,570
"2021-11-30 08:08:00",0.0317977145,0.8410423994,0.1271598637,0.2508099377,613
"2021-11-30 08:09:00",0.0282375775,0.8529860377,0.1187857166,0.2343209684,644
"2021-11-30 08:10:00",0.0322333351,0.8448206186,0.1229682565,0.2457730174,630
"2021-11-30 08:11:00",0.0245486870,0.8378469944,0.1376012415,0.3247146904,647
"2021-11-30 08:12:00",0.0236518886,0.8398965597,0.1364466399,0.3098320067,609
"2021-11-30 08:13:00",0.0281771328,0.8329210877,0.1389017701,0.3121563494,621
"2021-11-30 08:14:01",0.0287892148,0.8430310488,0.1281813681,0.2821910083,612
"2021-11-30 08:15:00",0.0289407168,0.8414430618,0.1296333820,0.2682558596,641
"2021-11-30 08:16:00",0.0265872534,0.8452382684,0.1281942278,0.2835181952,659
"2021-11-30 08:17:00",0.0315257236,0.8382250667,0.1302620620,0.2684213817,622
"2021-11-30 08:18:00",0.0314153172,0.8345905542,0.1339985281,0.2676325440,679
"2021-11-30 08:19:00",0.0299345516,0.8367503881,0.1333120316,0.2774048746,657
"2021-11-30 08:20:00",0.0300411936,0.8305568099,0.1394232959,0.3084517121,704
"2021-11-30 08:21:00",0.0300128702,0.8337928057,0.1362033486,0.3124669194,777
"2021-11-30 08:22:00",0.0279622134,0.8516842127,0.1203495264,0.2621989250,741
"2021-11-30 08:23:00",0.0283108670,0.8316781521,0.1400151253,0.3211216033,727
"2021-11-30 08:24:00",0.0300350618,0.8383429646,0.1316173822,0.2856530547,656
"2021-11-30 08:25:00",0.0245183017,0.8483206630,0.1271669120,0.2904162407,683
"2021-11-30 08:26:00",0.0303655267,0.8416641951,0.1279717684,0.2805927098,673
"2021-11-30 08:27:00",0.0294057969,0.8414739370,0.1291130483,0.2677420378,690
"2021-11-30 08:28:00",0.0281157400,0.8435231447,0.1283595711,0.3006743789,648
"2021-11-30 08:29:00",0.0279311333,0.8417977095,0.1302697212,0.3011149168,697
"2021-11-30 08:30:01",0.0291005019,0.8460728526,0.1248316616,0.2747116983,796
"2021-11-30 08:31:00",0.0350000001,0.8380973935,0.1268924475,0.2386516035,688
"2021-11-30 08:32:00",0.0299427714,0.8420813084,0.1279728860,0.2849611342,664
"2021-11-30 08:33:00",0.0293730162,0.8528618813,0.1177634895,0.2661357224,630
"2021-11-30 08:34:00",0.0254519619,0.8425859213,0.1319499314,0.2938925624,739
"2021-11-30 08:35:00",0.0300833341,0.8516228199,0.1183026284,0.2546611130,684
"2021-11-30 08:36:00",0.0279721785,0.8486955166,0.1233153045,0.2764822245,647
"2021-11-30 08:37:00",0.0270628091,0.8553256392,0.1176033095,0.2693978548,605
"2021-11-30 08:38:00",0.0289780218,0.8435039520,0.1275211871,0.2708791196,637
"2021-11-30 08:39:00",0.0272699818,0.8444742560,0.1282504499,0.2850998342,563
"2021-11-30 08:40:00",0.0285433065,0.8551858068,0.1162677184,0.2551437914,635
"2021-11-30 08:41:00",0.0277452227,0.8465095758,0.1257340759,0.2717009485,628
"2021-11-30 08:42:01",0.0285417382,0.8499199152,0.1215366274,0.2648204565,587
"2021-11-30 08:43:00",0.0255889967,0.8480323553,0.1263883561,0.3010720015,618
"2021-11-30 08:44:00",0.0255931672,0.8433851004,0.1310310513,0.2888655365,644
"2021-11-30 08:45:00",0.0258460287,0.8592285514,0.1149254441,0.2553215623,617
"2021-11-30 08:46:00",0.0280584302,0.8486109972,0.1233272105,0.2612063587,599
"2021-11-30 08:47:00",0.0285415277,0.8451827168,0.1262724251,0.2811908722,602
"2021-11-30 08:48:00",0.0247332286,0.8494836092,0.1257737875,0.2920418084,641
"2021-11-30 08:49:00",0.0211081505,0.8543291688,0.1245579943,0.3135669231,638
"2021-11-30 08:50:00",0.0302503593,0.8479208350,0.1218043193,0.2767188549,695
"2021-11-30 08:51:00",0.0288365074,0.8488682508,0.1222857162,0.2927326858,630
"2021-11-30 08:52:00",0.0286666658,0.8436936140,0.1276296228,0.2970372140,594
"2021-11-30 08:53:00",0.0319696963,0.8429119587,0.1251240969,0.2739571333,693
"2021-11-30 08:54:00",0.0371424109,0.8324366212,0.1304209679,0.2649734020,639
"2021-11-30 08:55:00",0.0257935785,0.8425688148,0.1316330284,0.3036934137,654
"2021-11-30 08:56:00",0.0270499308,0.8375922441,0.1353481263,0.3111392558,721
"2021-11-30 08:57:00",0.0299393106,0.8390344977,0.1310220659,0.3001091182,725
"2021-11-30 08:58:00",0.0348307192,0.8456504941,0.1195203736,0.2684611380,638
"2021-11-30 08:59:00",0.0278298184,0.8405918479,0.1315888613,0.3092246950,664
"2021-11-30 09:00:00",0.0312697627,0.8441216946,0.1245997474,0.2804524601,797
"2021-11-30 09:01:00",0.0287411176,0.8319860697,0.1392588764,0.3265974522,788
"2021-11-30 09:02:00",0.0353559107,0.8252894878,0.1393386424,0.3069902956,753
"2021-11-30 09:03:00",0.0305869244,0.8415349126,0.1278677583,0.2650827765,673
"2021-11-30 09:04:00",0.0308022685,0.8475672603,0.1216272265,0.2531883419,617
"2021-11-30 09:05:00",0.0311360955,0.8426287174,0.1262292862,0.2771738172,676
"2021-11-30 09:06:01",0.0265342258,0.8431785703,0.1302976161,0.3023345172,672
"2021-11-30 09:07:00",0.0295190085,0.8391950130,0.1312842965,0.3029173613,605
"2021-11-30 09:08:00",0.0228774585,0.8451876044,0.1319334358,0.3227232993,661
"2021-11-30 09:09:00",0.0271405838,0.8457214832,0.1271312982,0.2600680292,754
"2021-11-30 09:10:00",0.0278966948,0.8371322155,0.1349765807,0.3000541329,726
"2021-11-30 09:11:01",0.0289138183,0.8448038697,0.1262852848,0.2723365426,673
"2021-11-30 09:12:00",0.0286391191,0.8520606160,0.1193126738,0.2548052371,726
"2021-11-30 09:13:00",0.0309143327,0.8445222378,0.1245683655,0.2703211010,607
"2021-11-30 09:14:00",0.0302898549,0.8623884320,0.1073217392,0.2429904342,690
"2021-11-30 09:15:00",0.0256819483,0.8584441543,0.1158753559,0.2764912546,698
"2021-11-30 09:16:00",0.0276143998,0.8565871716,0.1158064008,0.2673947215,625
"2021-11-30 09:17:00",0.0283099040,0.8531565666,0.1185431331,0.2604164481,626
"2021-11-30 09:18:00",0.0304165371,0.8477597237,0.1218174696,0.2502123117,641
"2021-11-30 09:19:00",0.0336015522,0.8447178006,0.1216713190,0.2360869795,645
"2021-11-30 09:20:00",0.0328589343,0.8563040495,0.1108432636,0.2235899717,638
"2021-11-30 09:21:00",0.0259742346,0.8455910087,0.1284251213,0.2940576375,621
"2021-11-30 09:22:00",0.0268685073,0.8430454731,0.1300763041,0.2749878168,616
"2021-11-30 09:23:00",0.0198079590,0.8525674939,0.1276349425,0.2828498185,578
"2021-11-30 09:24:00",0.0252006371,0.8483120799,0.1264952272,0.2707304060,628
"2021-11-30 09:25:00",0.0229883716,0.8558638096,0.1211544871,0.2797734141,602
"2021-11-30 09:26:00",0.0310097560,0.8406260014,0.1283739805,0.2857375741,615
"2021-11-30 09:27:00",0.0279077161,0.8482965231,0.1238018125,0.2856583893,661
"2021-11-30 09:28:00",0.0295351632,0.8299914002,0.1404837072,0.3214873075,583
"2021-11-30 09:29:00",0.0256544799,0.8346928954,0.1396526545,0.3290051222,547
"2021-11-30 09:30:00",0.0255372673,0.8526568413,0.1218074560,0.2742864788,644
"2021-11-30 09:31:00",0.0192036480,0.8560699224,0.1247264445,0.2924392223,658
"2021-11-30 09:32:00",0.0249253735,0.8475970030,0.1274910420,0.2979088128,670
"2021-11-30 09:33:00",0.0217645261,0.8456100821,0.1326299757,0.3153298199,654
"2021-11-30 09:34:00",0.0225102678,0.8483759761,0.1291105896,0.3023993671,633
"2021-11-30 09:35:00",0.0233843699,0.8402727246,0.1363413036,0.3400797546,627
"2021-11-30 09:36:01",0.0243512187,0.8453121781,0.1303414702,0.3002237380,615
"2021-11-30 09:37:00",0.0259412732,0.8395660520,0.1344991773,0.3019254506,613
"2021-11-30 09:38:00",0.0241105519,0.8507537842,0.1251323223,0.2913073599,597
"2021-11-30 09:39:00",0.0267692301,0.8474983573,0.1257474869,0.2917222381,598
"2021-11-30 09:40:00",0.0286351554,0.8576691151,0.1137060598,0.2504710555,677
"2021-11-30 09:41:00",0.0286734104,0.8297297955,0.1415881515,0.3047170639,692
"2021-11-30 12:12:11",0.0312224366,0.8466170430,0.1221566722,0.2642386854,517
"2021-11-30 12:13:00",0.0279357936,0.8455601931,0.1265200675,0.2898406088,623
"2021-11-30 12:14:00",0.0310215224,0.8449304700,0.1240629107,0.2666119337,604
"2021-11-30 12:15:00",0.0369384103,0.8353986740,0.1276839525,0.2813053429,617
"2021-11-30 12:16:00",0.0328538008,0.8387309909,0.1284166723,0.2691267431,684
"2021-11-30 12:17:00",0.0251806807,0.8576440215,0.1171842590,0.2630119920,559
"2021-11-30 12:18:01",0.0294217691,0.8420135975,0.1285697222,0.2795937061,588
"2021-11-30 12:19:00",0.0267178137,0.8415926099,0.1316878349,0.3035433888,567
"2021-11-30 12:20:01",0.0314611867,0.8389163017,0.1296270937,0.2692925334,657
"2021-11-30 12:21:01",0.0310911853,0.8451428413,0.1237568408,0.2606591284,658
"2021-11-30 12:22:00",0.0267167725,0.8608750105,0.1124018952,0.2320500016,632
"2021-11-30 12:23:00",0.0264571421,0.8502957821,0.1232319325,0.2871625125,595
"2021-11-30 12:24:01",0.0358441360,0.8505570889,0.1135833338,0.2390376478,648
"2021-11-30 12:25:01",0.0349353142,0.8510419726,0.1140262261,0.2427639812,572
"2021-11-30 12:26:00",0.0327915400,0.8447598219,0.1224350482,0.2686426044,662
"2021-11-30 12:27:00",0.0255723465,0.8544372916,0.1199855283,0.2808054686,622
"2021-11-30 12:28:00",0.0390832089,0.8450847268,0.1158351004,0.2185957581,661
"2021-11-30 12:29:00",0.0266020074,0.8571639061,0.1162240803,0.2464576960,598
"2021-11-30 12:30:00",0.0325530991,0.8502389193,0.1172109172,0.2562734485,678
"2021-11-30 12:31:00",0.0328407213,0.8419047594,0.1252512336,0.2379477769,609
"2021-11-30 12:32:01",0.0299795270,0.8375716805,0.1324377954,0.3054118156,635
"2021-11-30 12:33:00",0.0363276154,0.8452693224,0.1183910817,0.2502391040,583
"2021-11-30 12:34:00",0.0293451473,0.8477165103,0.1229198799,0.2577124834,649
"2021-11-30 12:35:01",0.0337758884,0.8324080110,0.1338129789,0.2698091269,647
"2021-11-30 12:36:00",0.0293430425,0.8471650481,0.1234854385,0.2656394839,618
"2021-11-30 12:37:01",0.0381423831,0.8380529881,0.1237980127,0.2397356033,604
"2021-11-30 12:38:00",0.0293211918,0.8544950485,0.1161738411,0.2466759980,604
"2021-11-30 12:39:00",0.0345627293,0.8435959220,0.1218136549,0.2518492639,542
"2021-11-30 12:40:01",0.0299551487,0.8418256044,0.1282325536,0.2703164518,602
"2021-11-30 12:41:01",0.0329451114,0.8476843834,0.1193807870,0.2464905679,583
"2021-11-30 12:42:00",0.0260700863,0.8406615257,0.1332632452,0.3042218685,585
"2021-11-30 12:43:00",0.0322743356,0.8460371494,0.1216849536,0.2688023150,565
"2021-11-30 12:44:00",0.0387398526,0.8343597651,0.1268966794,0.2794162333,542
"2021-11-30 12:45:00",0.0410093293,0.8424925208,0.1164869368,0.2439490706,536
"2021-11-30 12:46:00",0.0319777019,0.8460703492,0.1219502538,0.2678325772,583
"2021-11-30 12:47:00",0.0390946195,0.8499220610,0.1109833047,0.2097144723,539
"2021-11-30 12:48:01",0.0335772187,0.8370386362,0.1294034719,0.2955470979,518
"2021-11-30 12:49:01",0.0394756310,0.8267025352,0.1338369697,0.2759273946,595
"2021-11-30 12:50:00",0.0342877805,0.8380562663,0.1276511252,0.2703951895,622
"2021-11-30 12:51:01",0.0320751332,0.8436851501,0.1242415011,0.2716731727,559
"2021-11-30 12:52:00",0.0296567157,0.8503488898,0.1199925393,0.2585753798,536
"2021-11-30 12:53:00",0.0257828571,0.8393657207,0.1348590404,0.3127944767,525
"2021-11-30 12:54:00",0.0316574462,0.8429830074,0.1253723353,0.2597710490,470
"2021-11-30 12:55:01",0.0340672880,0.8481271267,0.1178074777,0.2483736426,535
"2021-11-30 12:56:00",0.0386707075,0.8517737389,0.1095515117,0.2143298984,495
"2021-11-30 12:57:01",0.0252086334,0.8611330986,0.1136654690,0.2566660047,556
"2021-11-30 12:58:01",0.0305872094,0.8458876014,0.1235329434,0.2678734362,516
"2021-11-30 12:59:00",0.0355047248,0.8470019102,0.1175028384,0.2387355417,529
"2021-11-30 13:00:01",0.0346210860,0.8523838520,0.1129901186,0.2343718261,607
"2021-11-30 13:01:00",0.0335753672,0.8426231742,0.1238051504,0.2525373101,544
"2021-11-30 13:02:01",0.0280037243,0.8483817577,0.1236182526,0.2660808265,537
"2021-11-30 13:03:00",0.0301162787,0.8490630984,0.1207990050,0.2834631205,602
"2021-11-30 13:04:00",0.0298966859,0.8429805040,0.1271267086,0.2769863605,513
"2021-11-30 13:05:01",0.0293436293,0.8493822217,0.1212799251,0.2742897570,518
"2021-11-30 13:06:00",0.0313154757,0.8415674567,0.1271269768,0.2732771933,504
"2021-11-30 13:07:00",0.0327675343,0.8469719291,0.1202605218,0.2505577207,499
"2021-11-30 13:08:00",0.0367910750,0.8255091310,0.1376977712,0.2837539613,493
"2021-11-30 13:09:00",0.0368201174,0.8382727504,0.1249071583,0.2438224405,517
"2021-11-30 13:10:00",0.0358235277,0.8494188786,0.1147522256,0.2225668430,561
"2021-11-30 13:11:01",0.0306935478,0.8558853269,0.1134139821,0.2527299225,558
"2021-11-30 13:12:01",0.0340648852,0.8434522748,0.1224732846,0.2463154644,524
"2021-11-30 13:13:01",0.0349065624,0.8440715671,0.1210119277,0.2618962228,503
"2021-11-30 13:14:00",0.0278768651,0.8599962592,0.1121212691,0.2627985179,536
"2021-11-30 13:15:00",0.0335285403,0.8421670198,0.1242959797,0.2551397383,473
"2021-11-30 13:16:01",0.0306242537,0.8417892456,0.1275904626,0.2643886805,503
"2021-11-30 15:40:38",0.0201249998,0.8485166430,0.1313499957,0.3023008406,120
"2021-11-30 15:41:00",0.0251007024,0.8649765849,0.1099250615,0.2743728459,427
"2021-11-30 15:42:00",0.0320777521,0.8544125557,0.1135097221,0.2781462073,463
"2021-11-30 15:43:00",0.0308732390,0.8521783948,0.1169483587,0.2834798098,426
"2021-11-30 15:44:01",0.0390515476,0.8399252295,0.1210257709,0.2521420121,388
"2021-11-30 15:45:01",0.0406675376,0.8466047049,0.1127329841,0.2292209417,382
"2021-11-30 15:46:00",0.0349724777,0.8528379202,0.1121712551,0.2485944927,327
"2021-11-30 15:47:00",0.0332633071,0.8424425721,0.1242829114,0.2814938426,357
"2021-11-30 15:48:00",0.0260873493,0.8459698558,0.1279427707,0.2740009129,332
"2021-11-30 15:49:01",0.0376279764,0.8405238390,0.1218273789,0.2614062428,336
"2021-11-30 15:50:01",0.0365896113,0.8493662477,0.1140363663,0.2624093592,385
"2021-11-30 15:51:00",0.0278273374,0.8548441529,0.1173405275,0.2862139046,417
"2021-11-30 15:52:01",0.0322517976,0.8504915833,0.1172302142,0.3099601865,417
"2021-11-30 15:53:00",0.0289775562,0.8449950218,0.1260149628,0.2957015038,401
"2021-11-30 15:54:00",0.0421989784,0.8234668374,0.1343214214,0.2777994871,392
"2021-11-30 15:55:00",0.0348954797,0.8285790682,0.1365169436,0.3005522490,354
"2021-11-30 15:56:01",0.0386455022,0.8321719766,0.1291798949,0.2768719494,378
"2021-11-30 15:57:00",0.0324538462,0.8365769386,0.1309564114,0.2986264229,390
"2021-11-30 15:58:01",0.0372722894,0.8311710954,0.1315349340,0.2923269868,415
"2021-11-30 15:59:01",0.0299811829,0.8383333087,0.1316505373,0.3191599548,372
"2021-11-30 16:00:01",0.0299183223,0.8631589413,0.1069028676,0.2500110269,453
"2021-11-30 16:01:01",0.0332078226,0.8452346921,0.1215354502,0.2588841021,409
"2021-11-30 16:02:00",0.0444552228,0.8345149159,0.1210298538,0.2238547206,402
"2021-11-30 16:03:01",0.0310971867,0.8515089750,0.1173913032,0.2601999938,391
"2021-11-30 16:04:00",0.0365814529,0.8392606378,0.1241453663,0.2620396018,399
"2021-11-30 16:05:00",0.0265183095,0.8592873216,0.1141662002,0.2646828294,355
"2021-11-30 16:06:01",0.0348982178,0.8377531767,0.1273435056,0.2867814302,393
"2021-11-30 16:07:01",0.0308311339,0.8454036713,0.1237572581,0.2862298191,379
"2021-11-30 16:08:01",0.0394608714,0.8239768147,0.1365565211,0.3107139170,345
"2021-11-30 16:09:01",0.0322681554,0.8454441428,0.1222625673,0.2703785002,358
"2021-11-30 16:10:01",0.0376593992,0.8423024416,0.1200190708,0.2650528550,367
"2021-11-30 16:11:01",0.0346778035,0.8461360335,0.1191933155,0.2500176728,419
"2021-11-30 16:12:00",0.0290942024,0.8316110969,0.1392874420,0.3025231957,414
"2021-11-30 16:13:01",0.0304401107,0.8397688270,0.1297938675,0.2837033570,359
"2021-11-30 16:14:00",0.0405561365,0.8433185220,0.1161305457,0.2643094063,383
"2021-11-30 16:15:00",0.0429138653,0.8429348469,0.1141407564,0.2334396988,476
"2021-11-30 16:16:01",0.0381457843,0.8476947546,0.1141571775,0.2463143468,439
"2021-11-30 16:17:01",0.0324547961,0.8460246325,0.1215178072,0.2671265900,365
"2021-11-30 16:18:00",0.0400980376,0.8317720294,0.1281249970,0.2861068547,408
"2021-11-30 16:19:00",0.0367260277,0.8450616598,0.1182191744,0.2908529639,438
"2021-11-30 16:20:00",0.0316716433,0.8452761173,0.1230572164,0.2813970149,402
"2021-11-30 16:21:01",0.0343325138,0.8473201990,0.1183546782,0.2617342472,406
"2021-11-30 16:22:01",0.0298288036,0.8543532491,0.1158260852,0.2847307026,368
"2021-11-30 16:23:01",0.0408042893,0.8474557400,0.1117426306,0.2390603274,373
"2021-11-30 16:24:00",0.0314318165,0.8517752290,0.1168005019,0.2639969587,396
"2021-11-30 16:25:01",0.0330023468,0.8533403873,0.1136525795,0.2579241693,426
"2021-11-30 16:26:01",0.0391745158,0.8461966515,0.1146149561,0.2326335162,361
"2021-11-30 16:27:01",0.0380808637,0.8347573876,0.1271671206,0.2489962280,371
"2021-11-30 16:28:01",0.0411093757,0.8495625257,0.1093307287,0.1865377575,384
"2021-11-30 16:29:00",0.0441933684,0.8387486339,0.1170497239,0.2132878453,362
"2021-11-30 16:30:00",0.0363473669,0.8440579176,0.1195710525,0.2535931468,380
"2021-11-30 16:31:01",0.0401740260,0.8375376463,0.1222779229,0.2120148093,385
"2021-11-30 16:32:00",0.0411761776,0.8383275270,0.1204764247,0.2357531041,403
"2021-11-30 16:33:01",0.0281349998,0.8586949706,0.1131725013,0.2572382390,400
"2021-11-30 16:34:00",0.0318010338,0.8666227460,0.1015813947,0.1979155093,387
"2021-11-30 16:35:01",0.0366327018,0.8647251129,0.0986255929,0.2096286714,422
"2021-11-30 16:36:00",0.0327904746,0.8478261828,0.1193857118,0.2720123827,420
"2021-11-30 16:37:00",0.0384205133,0.8456435800,0.1159230769,0.2060712874,390
"2021-11-30 16:38:00",0.0360975601,0.8575121760,0.1063829288,0.2017382979,410
"2021-11-30 16:39:01",0.0343006998,0.8497855663,0.1159044281,0.2395988405,429
"2021-11-30 16:40:01",0.0326267928,0.8484162688,0.1189545467,0.2357660234,418
"2021-11-30 16:41:00",0.0397018790,0.8392300606,0.1210680753,0.2445769906,426
"2021-11-30 16:42:00",0.0382343382,0.8590463996,0.1027076542,0.1855361909,431
"2021-11-30 16:43:01",0.0366725884,0.8602080941,0.1031091362,0.1972073615,394
"2021-11-30 16:44:00",0.0322009809,0.8434901834,0.1242990196,0.2692688704,408
"2021-11-30 16:45:00",0.0424388498,0.8501414657,0.1074100733,0.2143781781,417
"2021-11-30 16:46:00",0.0381641798,0.8504746556,0.1113522351,0.1910641789,335
"2021-11-30 16:47:00",0.0349232629,0.8545156121,0.1105659455,0.2119023949,417
"2021-11-30 16:48:01",0.0378161222,0.8451108336,0.1170579344,0.2508914471,397
"2021-11-30 16:49:01",0.0497308634,0.8357210159,0.1145333350,0.2100533396,405
"2021-11-30 16:50:00",0.0431912094,0.8428241611,0.1139692292,0.2262276858,455
"2021-11-30 16:51:01",0.0355660841,0.8468628526,0.1175785512,0.2485466301,401
"2021-11-30 16:52:00",0.0364315063,0.8455319405,0.1180296838,0.2540267110,438
"2021-11-30 16:53:01",0.0411253497,0.8329052925,0.1259665787,0.2632267475,359
"2021-11-30 16:54:00",0.0319648720,0.8495058417,0.1185128838,0.2309283316,427
"2021-11-30 16:55:00",0.0316691361,0.8485827446,0.1197530851,0.2482022196,405
"2021-11-30 16:56:01",0.0417978987,0.8382861018,0.1199081391,0.2396496087,381
"2021-11-30 16:57:01",0.0359404758,0.8375523686,0.1264976263,0.2487514317,420
"2021-11-30 16:58:01",0.0260416660,0.8689513803,0.1050069481,0.2549668849,432
"2021-11-30 16:59:00",0.0313569605,0.8623670936,0.1062658206,0.2416275889,395
"2021-11-30 17:00:01",0.0408966951,0.8598967195,0.0992066115,0.2017915249,484
"2021-11-30 17:01:01",0.0409511104,0.8460488915,0.1129822209,0.2135464400,450
"2021-11-30 17:02:01",0.0480245687,0.8527174592,0.0992629007,0.1672228575,407
"2021-11-30 17:03:01",0.0351145044,0.8451476097,0.1197302788,0.2409165353,393
"2021-11-30 17:04:00",0.0350546315,0.8620522618,0.1028907374,0.2151921540,421
"2021-11-30 17:05:00",0.0315150693,0.8389287591,0.1295643896,0.2743389010,365
"2021-11-30 17:06:00",0.0442698412,0.8462619185,0.1094418019,0.2132494748,378
"2021-11-30 17:07:01",0.0360871926,0.8466866612,0.1172207072,0.2520678341,367
"2021-11-30 17:08:00",0.0316612907,0.8472741842,0.1210537627,0.2766714990,372
"2021-11-30 17:09:01",0.0299040005,0.8413733244,0.1287119985,0.3038658798,375
"2021-11-30 17:10:00",0.0321416669,0.8673750162,0.1004777774,0.2316827774,360
"2021-11-30 17:11:00",0.0353955217,0.8643059731,0.1002910435,0.2056674063,402
"2021-11-30 17:12:00",0.0388749987,0.8428698778,0.1182551011,0.2443841845,392
"2021-11-30 17:13:01",0.0340466313,0.8415751457,0.1243911907,0.2572982013,386
"2021-11-30 17:14:00",0.0281448085,0.8585136533,0.1133196726,0.2543426156,366
"2021-11-30 17:15:01",0.0310207251,0.8581942916,0.1108031124,0.2369613945,386
"2021-11-30 17:16:01",0.0327575766,0.8549944758,0.1122451797,0.2211267203,363
"2021-11-30 17:17:00",0.0405740254,0.8448623419,0.1145610362,0.2058615535,385
"2021-11-30 17:18:01",0.0262820516,0.8700284958,0.1036951542,0.2081330419,351
"2021-11-30 17:19:01",0.0384033136,0.8480497003,0.1135497242,0.2032936513,362
"2021-11-30 17:20:01",0.0367333330,0.8509358168,0.1123407409,0.2225708663,405
"2021-11-30 17:21:00",0.0398755744,0.8475829363,0.1125391722,0.2140753418,434
"2021-11-30 17:22:00",0.0461685658,0.8326537609,0.1211503446,0.2085123062,439
"2021-11-30 17:23:01",0.0434736833,0.8393625617,0.1171345040,0.2112210542,342
"2021-11-30 17:24:01",0.0361676142,0.8512727022,0.1125539765,0.2328806818,352
"2021-11-30 17:25:00",0.0439420938,0.8373964429,0.1186681539,0.2222525626,449
"2021-11-30 17:26:00",0.0447115377,0.8410913348,0.1141706705,0.1855226010,416
"2021-11-30 17:27:00",0.0373738520,0.8450252414,0.1175848618,0.2373383045,436
"2021-11-30 17:28:01",0.0355115086,0.8575575352,0.1069181561,0.1954728961,391
"2021-11-30 17:29:00",0.0370645151,0.8488640785,0.1140622124,0.2227753401,434
"2021-11-30 17:30:00",0.0438555032,0.8613119125,0.0948463306,0.1647511423,436
"2021-11-30 17:31:00",0.0470634587,0.8415557742,0.1113807410,0.1759043783,457
"2021-11-30 17:32:00",0.0407851674,0.8556495905,0.1035626605,0.1919271052,391
"2021-11-30 17:33:00",0.0352083333,0.8534530997,0.1113281250,0.2200703174,384
"2021-11-30 17:34:01",0.0364347808,0.8459619284,0.1176141277,0.2300233692,368
"2021-11-30 17:35:00",0.0345223099,0.8479107618,0.1175774261,0.2454139143,381
"2021-11-30 17:36:01",0.0400084257,0.8314381838,0.1285505593,0.2557744384,356
"2021-11-30 17:37:00",0.0448607951,0.8406420350,0.1144914776,0.2056054026,352
"2021-11-30 17:38:00",0.0427448973,0.8303239942,0.1269438714,0.2475714236,392
"2021-11-30 17:39:00",0.0338306464,0.8377311826,0.1284301132,0.2673204243,372
"2021-11-30 17:40:01",0.0363341831,0.8608112335,0.1028571427,0.1967290789,392
"2021-11-30 17:41:00",0.0443124995,0.8498281240,0.1058554724,0.2263910174,256
"2021-11-30 17:42:00",0.0453877188,0.8398807049,0.1147333309,0.2310057878,570
"2021-11-30 17:43:00",0.0377544649,0.8511495590,0.1111160740,0.2284953147,448
"2021-11-30 17:44:01",0.0420865938,0.8361173272,0.1218324006,0.2621606290,358
"2021-11-30 17:45:00",0.0386608690,0.8443159461,0.1170434803,0.2461205870,345
"2021-11-30 17:46:00",0.0410317443,0.8312222362,0.1277724802,0.2776126862,378
"2021-11-30 17:47:01",0.0345164575,0.8416101336,0.1238987371,0.2704204917,395
"2021-11-30 17:48:01",0.0358894244,0.8495048285,0.1146105751,0.2466673106,416
"2021-11-30 17:49:00",0.0298316833,0.8489257693,0.1212376207,0.2796381116,404
"2021-11-30 17:50:01",0.0384449661,0.8497704864,0.1117962524,0.2310824394,427
"2021-11-30 17:51:00",0.0307989139,0.8476304412,0.1215923950,0.3021423817,368
"2021-11-30 17:52:01",0.0354975127,0.8308333158,0.1336716413,0.2882559597,402
"2021-11-30 17:53:00",0.0355837569,0.8417664766,0.1226370558,0.2545428872,394
"2021-11-30 17:54:00",0.0444832034,0.8397415876,0.1158010364,0.2142167985,387
"2021-11-30 17:55:00",0.0335651040,0.8519583344,0.1144817695,0.2574169338,384
"2021-11-30 17:56:00",0.0340242125,0.8289999962,0.1369685233,0.3029505908,413
"2021-11-30 17:57:00",0.0316673853,0.8606565595,0.1076717079,0.2304086387,463
"2021-11-30 17:58:01",0.0340850577,0.8397769928,0.1261494309,0.2656894326,435
"2021-11-30 17:59:00",0.0350638293,0.8427287340,0.1222393587,0.2539186180,376
"2021-11-30 18:00:00",0.0406617634,0.8612794280,0.0980693251,0.1996584088,476
"2021-11-30 18:01:00",0.0351105519,0.8512989879,0.1135653257,0.2275738716,398
"2021-11-30 18:02:00",0.0410741754,0.8496291041,0.1092857122,0.2176791281,364
"2021-11-30 18:03:01",0.0313571431,0.8408362865,0.1278065443,0.2688354254,336
"2021-11-30 18:04:01",0.0307860691,0.8519477844,0.1172661707,0.2421069592,402
"2021-11-30 18:05:00",0.0383269750,0.8578038216,0.1038773805,0.2426231652,367
"2021-11-30 18:06:00",0.0337315053,0.8542246819,0.1120602712,0.2502972484,365
"2021-11-30 18:07:00",0.0277768355,0.8486694694,0.1235593185,0.2827005684,354
"2021-11-30 18:08:00",0.0315940306,0.8484895229,0.1199223846,0.2609919310,335
"2021-11-30 18:09:00",0.0394624285,0.8506589532,0.1098815054,0.2356927693,346
"2021-11-30 18:10:00",0.0364080183,0.8325046897,0.1310825497,0.2604160309,424
"2021-11-30 18:11:01",0.0442506969,0.8282312155,0.1275264621,0.2563078105,359
"2021-11-30 18:12:00",0.0409104116,0.8459273577,0.1131525412,0.2211091965,413
"2021-11-30 18:13:00",0.0376094542,0.8388880491,0.1235049739,0.2480987608,402
"2021-11-30 18:14:00",0.0341256410,0.8375974298,0.1282794923,0.2801215351,390
"2021-11-30 18:15:00",0.0318239294,0.8396546245,0.1285372525,0.2886428833,443
"2021-11-30 18:16:00",0.0367572829,0.8415485620,0.1216990277,0.2568002343,412
"2021-11-30 18:17:00",0.0346071422,0.8309081793,0.1344923526,0.2870841920,392
"2021-11-30 18:18:01",0.0372387692,0.8384373784,0.1243498847,0.2701803744,423
"2021-11-30 18:19:00",0.0353088602,0.8362987638,0.1283999979,0.2966584861,395
"2021-11-30 18:20:01",0.0356560014,0.8361439705,0.1282293350,0.2870821357,375
"2021-11-30 18:21:01",0.0386631861,0.8285796642,0.1327650100,0.2877953053,383
"2021-11-30 18:22:00",0.0302744564,0.8389456272,0.1307880431,0.2702192962,368
"2021-11-30 18:23:00",0.0304526314,0.8313999772,0.1381578892,0.2869218290,380
"2021-11-30 18:24:01",0.0355149880,0.8337057233,0.1307929158,0.2527915537,367
"2021-11-30 18:25:00",0.0333636366,0.8468454480,0.1198121235,0.2592745423,330
"2021-11-30 18:26:00",0.0301888548,0.8440836072,0.1257368475,0.2746120691,323
"2021-11-30 18:27:00",0.0289280582,0.8451294899,0.1259568334,0.2817867994,417
"2021-11-30 18:28:00",0.0359358601,0.8342040777,0.1298658848,0.2527501583,343
"2021-11-30 18:29:00",0.0356554873,0.8538536429,0.1104908511,0.2297076285,328
